<?xml version="1.0" encoding="UTF-8"?>
<!DOCTYPE configuration PUBLIC "-//mybatis.org//DTD Config 3.0//EN" "http://mybatis.org/dtd/mybatis-3-config.dtd">
<configuration>
    <settings>
        <setting name="mapUnderscoreToCamelCase" value="true" />
    </settings>
    <environments default="development">
        <environment id="development">
            <transactionManager type="JDBC" />
            <dataSource type="POOLED">
                <property name="driver" value="com.mysql.cj.jdbc.Driver" />
                <property name="url" value="jdbc:mysql://localhost:3306/sms?useSSL=false&amp;serverTimezone=GMT%2B8&amp;useunicode=true&amp;characterEncoding=UTF-8" />
                <property name="username" value="root" />
                <property name="password" value="2424paul" />
            </dataSource>
        </environment>
    </environments>

    <mappers>
        <mapper resource="mapper/userMapper.xml"/>
        <mapper class="mapper.StuMapper"/>
        <mapper class="mapper.AcadMapper"/>
        <mapper class="mapper.ClasssMapper"/>
        <mapper class="mapper.DeptMapper"/>
    </mappers>
</configuration>
